{
  "providers": {
    "awscloudformation": {
      "AuthRoleName": "amplify-awsapp-dev-102306-authRole",
      "UnauthRoleArn": "arn:aws:iam::972546575180:role/amplify-awsapp-dev-102306-unauthRole",
      "AuthRoleArn": "arn:aws:iam::972546575180:role/amplify-awsapp-dev-102306-authRole",
      "Region": "eu-central-1",
      "DeploymentBucketName": "amplify-awsapp-dev-102306-deployment",
      "UnauthRoleName": "amplify-awsapp-dev-102306-unauthRole",
      "StackName": "amplify-awsapp-dev-102306",
      "StackId": "arn:aws:cloudformation:eu-central-1:972546575180:stack/amplify-awsapp-dev-102306/032c3550-9eb9-11ec-b53c-060a7a660bce",
      "AmplifyAppId": "d2c203bh0c8705"
    }
  },
  "auth": {
    "awsappa6766066": {
      "service": "Cognito",
      "providerPlugin": "awscloudformation",
      "dependsOn": [],
      "customAuth": false,
      "frontendAuthConfig": {
        "socialProviders": [],
        "usernameAttributes": [],
        "signupAttributes": [
          "EMAIL"
        ],
        "passwordProtectionSettings": {
          "passwordPolicyMinLength": 8,
          "passwordPolicyCharacters": []
        },
        "mfaConfiguration": "OFF",
        "mfaTypes": [
          "SMS"
        ],
        "verificationMechanisms": [
          "EMAIL"
        ]
      },
      "output": {
        "UserPoolId": "eu-central-1_mfe7VIaQ9",
        "AppClientIDWeb": "7asnp29clvfh2sfjj7c4a5i3hl",
        "AppClientID": "2uqd8g2so8lakol9kjoi2p6s20",
        "IdentityPoolId": "eu-central-1:5a961b67-0194-4239-9fab-1fe07f423005",
        "UserPoolArn": "arn:aws:cognito-idp:eu-central-1:972546575180:userpool/eu-central-1_mfe7VIaQ9",
        "IdentityPoolName": "awsappa6766066_identitypool_a6766066__dev",
        "UserPoolName": "awsappa6766066_userpool_a6766066"
      },
      "lastPushTimeStamp": "2022-03-29T08:34:09.737Z",
      "providerMetadata": {
        "s3TemplateURL": "https://s3.amazonaws.com/amplify-awsapp-dev-102306-deployment/amplify-cfn-templates/auth/awsappa6766066-cloudformation-template.json",
        "logicalId": "authawsappa6766066"
      }
    }
  },
  "api": {
    "awsapp": {
      "service": "AppSync",
      "providerPlugin": "awscloudformation",
      "output": {
        "authConfig": {
          "defaultAuthentication": {
            "authenticationType": "AMAZON_COGNITO_USER_POOLS",
            "userPoolConfig": {
              "userPoolId": "authawsappa6766066"
            }
          },
          "additionalAuthenticationProviders": [
            {
              "authenticationType": "AWS_IAM"
            }
          ]
        },
        "GraphQLAPIIdOutput": "n4za2zfb6jcwzhijbkmzkgoace",
        "GraphQLAPIEndpointOutput": "https://uetbvohgvrfntdhudxy63jbsqe.appsync-api.eu-central-1.amazonaws.com/graphql"
      },
      "lastPushTimeStamp": "2022-03-29T08:34:09.762Z",
      "providerMetadata": {
        "s3TemplateURL": "https://s3.amazonaws.com/amplify-awsapp-dev-102306-deployment/amplify-cfn-templates/api/cloudformation-template.json",
        "logicalId": "apiawsapp"
      },
      "lastPushDirHash": "SAfZGRkNEsCyl+YH3s5N+4/ZTlk="
    }
  }
}