{
    "UserAgent": "aws-amplify-cli/2.0",
    "Version": "1.0",
    "api": {
        "plugins": {
            "awsAPIPlugin": {
                "awsapp": {
                    "endpointType": "GraphQL",
                    "endpoint": "https://uetbvohgvrfntdhudxy63jbsqe.appsync-api.eu-central-1.amazonaws.com/graphql",
                    "region": "eu-central-1",
                    "authorizationType": "AMAZON_COGNITO_USER_POOLS"
                }
            }
        }
    },
    "auth": {
        "plugins": {
            "awsCognitoAuthPlugin": {
                "UserAgent": "aws-amplify-cli/0.1.0",
                "Version": "0.1.0",
                "IdentityManager": {
                    "Default": {}
                },
                "CredentialsProvider": {
                    "CognitoIdentity": {
                        "Default": {
                            "PoolId": "eu-central-1:5a961b67-0194-4239-9fab-1fe07f423005",
                            "Region": "eu-central-1"
                        }
                    }
                },
                "CognitoUserPool": {
                    "Default": {
                        "PoolId": "eu-central-1_mfe7VIaQ9",
                        "AppClientId": "2uqd8g2so8lakol9kjoi2p6s20",
                        "Region": "eu-central-1"
                    }
                },
                "Auth": {
                    "Default": {
                        "authenticationFlowType": "USER_SRP_AUTH",
                        "socialProviders": [],
                        "usernameAttributes": [],
                        "signupAttributes": [
                            "EMAIL"
                        ],
                        "passwordProtectionSettings": {
                            "passwordPolicyMinLength": 8,
                            "passwordPolicyCharacters": []
                        },
                        "mfaConfiguration": "OFF",
                        "mfaTypes": [
                            "SMS"
                        ],
                        "verificationMechanisms": [
                            "EMAIL"
                        ]
                    }
                },
                "AppSync": {
                    "Default": {
                        "ApiUrl": "https://uetbvohgvrfntdhudxy63jbsqe.appsync-api.eu-central-1.amazonaws.com/graphql",
                        "Region": "eu-central-1",
                        "AuthMode": "AMAZON_COGNITO_USER_POOLS",
                        "ClientDatabasePrefix": "awsapp_AMAZON_COGNITO_USER_POOLS"
                    },
                    "awsapp_AWS_IAM": {
                        "ApiUrl": "https://uetbvohgvrfntdhudxy63jbsqe.appsync-api.eu-central-1.amazonaws.com/graphql",
                        "Region": "eu-central-1",
                        "AuthMode": "AWS_IAM",
                        "ClientDatabasePrefix": "awsapp_AWS_IAM"
                    }
                }
            }
        }
    }
}