{
  "version": 1,
  "serviceConfiguration": {
    "apiName": "awsapp",
    "serviceName": "AppSync",
    "gqlSchemaPath": "/tmp/amplify-9081c734-fb3f-442d-a2a1-e96c6cc2b7c5/amplify/backend/api/awsapp/schema.graphql",
    "defaultAuthType": {
      "mode": "AMAZON_COGNITO_USER_POOLS",
      "cognitoUserPoolId": "authawsappa6766066"
    },
    "additionalAuthTypes": [
      {
        "mode": "AWS_IAM"
      }
    ],
    "conflictResolution": {
      "defaultResolutionStrategy": {
        "type": "AUTOMERGE"
      }
    }
  }
}